city_id,city_name,line_id,line_name,line_hex_color,station_id,station_name,lat,lng,order
1,"Москва",8,"Калининская",FFCD1C,8.189,"Новокосино",55.745113,37.864052,0
1,"Москва",8,"Калининская",FFCD1C,8.88,"Новогиреево",55.752237,37.814587,1
1,"Москва",8,"Калининская",FFCD1C,8.107,"Перово",55.75098,37.78422,2
1,"Москва",8,"Калининская",FFCD1C,8.158,"Шоссе Энтузиастов",55.75809,37.751703,3
1,"Москва",8,"Калининская",FFCD1C,8.1,"Авиамоторная",55.751933,37.717444,4
1,"Москва",8,"Калининская",FFCD1C,8.112,"Площадь Ильича",55.747115,37.680726,5
1,"Москва",8,"Калининская",FFCD1C,8.78,"Марксистская",55.740746,37.65604,6
1,"Москва",8,"Калининская",FFCD1C,8.91,"Третьяковская",55.741125,37.626142,7
1,"Москва",2,"Замоскворецкая",4FB04F,2.558,"Ховрино",55.8777,37.4877,0
1,"Москва",2,"Замоскворецкая",4FB04F,2.674,"Беломорская",55.8651,37.4764,1
1,"Москва",2,"Замоскворецкая",4FB04F,2.125,"Речной вокзал",55.854152,37.476728,2
1,"Москва",2,"Замоскворецкая",4FB04F,2.29,"Водный стадион",55.838978,37.487515,3
1,"Москва",2,"Замоскворецкая",4FB04F,2.30,"Войковская",55.818923,37.497791,4
1,"Москва",2,"Замоскворецкая",4FB04F,2.133,"Сокол",55.805564,37.515245,5
1,"Москва",2,"Замоскворецкая",4FB04F,2.12,"Аэропорт",55.800441,37.530477,6
1,"Москва",2,"Замоскворецкая",4FB04F,2.34,"Динамо",55.789704,37.558212,7
1,"Москва",2,"Замоскворецкая",4FB04F,2.19,"Белорусская",55.777439,37.582107,8
1,"Москва",2,"Замоскворецкая",4FB04F,2.80,"Маяковская",55.769808,37.596192,9
1,"Москва",2,"Замоскворецкая",4FB04F,2.122,"Тверская",55.765343,37.603918,10
1,"Москва",2,"Замоскворецкая",4FB04F,2.99,"Театральная",55.758808,37.61768,11
1,"Москва",2,"Замоскворецкая",4FB04F,2.89,"Новокузнецкая",55.742391,37.62928,12
1,"Москва",2,"Замоскворецкая",4FB04F,2.101,"Павелецкая",55.729741,37.638693,13
1,"Москва",2,"Замоскворецкая",4FB04F,2.2,"Автозаводская",55.706634,37.657008,14
1,"Москва",2,"Замоскворецкая",4FB04F,2.512,"Технопарк",55.695,37.664167,15
1,"Москва",2,"Замоскворецкая",4FB04F,2.53,"Коломенская",55.677423,37.663719,16
1,"Москва",2,"Замоскворецкая",4FB04F,2.45,"Каширская",55.655745,37.649683,17
1,"Москва",2,"Замоскворецкая",4FB04F,2.42,"Кантемировская",55.636107,37.656218,18
1,"Москва",2,"Замоскворецкая",4FB04F,2.153,"Царицыно",55.620982,37.669612,19
1,"Москва",2,"Замоскворецкая",4FB04F,2.96,"Орехово",55.61269,37.695214,20
1,"Москва",2,"Замоскворецкая",4FB04F,2.38,"Домодедовская",55.610131,37.717111,21
1,"Москва",2,"Замоскворецкая",4FB04F,2.57,"Красногвардейская",55.614075,37.742697,22
1,"Москва",2,"Замоскворецкая",4FB04F,2.257,"Алма-Атинская",55.63349,37.765678,23
1,"Москва",6,"Калужско-Рижская",F07E24,6.81,"Медведково",55.888103,37.661562,0
1,"Москва",6,"Калужско-Рижская",F07E24,6.13,"Бабушкинская",55.870641,37.664341,1
1,"Москва",6,"Калужско-Рижская",F07E24,6.129,"Свиблово",55.855558,37.653379,2
1,"Москва",6,"Калужско-Рижская",F07E24,6.24,"Ботанический сад",55.844597,37.637811,3
1,"Москва",6,"Калужско-Рижская",F07E24,6.27,"ВДНХ",55.819626,37.640751,4
1,"Москва",6,"Калужско-Рижская",F07E24,6.8,"Алексеевская",55.807794,37.638699,5
1,"Москва",6,"Калужско-Рижская",F07E24,6.126,"Рижская",55.792494,37.636114,6
1,"Москва",6,"Калужско-Рижская",F07E24,6.120,"Проспект Мира",55.781827,37.633199,7
1,"Москва",6,"Калужско-Рижская",F07E24,6.137,"Сухаревская",55.772315,37.63285,8
1,"Москва",6,"Калужско-Рижская",F07E24,6.144,"Тургеневская",55.765371,37.636732,9
1,"Москва",6,"Калужско-Рижская",F07E24,6.50,"Китай-город",55.756498,37.631326,10
1,"Москва",6,"Калужско-Рижская",F07E24,6.90,"Третьяковская",55.74073,37.625624,11
1,"Москва",6,"Калужско-Рижская",F07E24,6.94,"Октябрьская",55.731232,37.612851,12
1,"Москва",6,"Калужско-Рижская",F07E24,6.157,"Шаболовская",55.718828,37.607892,13
1,"Москва",6,"Калужско-Рижская",F07E24,6.74,"Ленинский проспект",55.70678,37.58499,14
1,"Москва",6,"Калужско-Рижская",F07E24,6.3,"Академическая",55.687147,37.5723,15
1,"Москва",6,"Калужско-Рижская",F07E24,6.121,"Профсоюзная",55.677671,37.562595,16
1,"Москва",6,"Калужско-Рижская",F07E24,6.92,"Новые Черемушки",55.670077,37.554493,17
1,"Москва",6,"Калужско-Рижская",F07E24,6.41,"Калужская",55.656682,37.540075,18
1,"Москва",6,"Калужско-Рижская",F07E24,6.21,"Беляево",55.642357,37.526115,19
1,"Москва",6,"Калужско-Рижская",F07E24,6.56,"Коньково",55.631857,37.519156,20
1,"Москва",6,"Калужско-Рижская",F07E24,6.140,"Теплый Стан",55.61873,37.505912,21
1,"Москва",6,"Калужско-Рижская",F07E24,6.164,"Ясенево",55.606182,37.5334,22
1,"Москва",6,"Калужско-Рижская",F07E24,6.23,"Новоясеневская",55.601947,37.553017,23
1,"Москва",1,"Сокольническая",E42313,1.148,"Бульвар Рокоссовского",55.814916,37.732227,0
1,"Москва",1,"Сокольническая",E42313,1.155,"Черкизовская",55.802787,37.744863,1
1,"Москва",1,"Сокольническая",E42313,1.117,"Преображенская площадь",55.796322,37.713582,2
1,"Москва",1,"Сокольническая",E42313,1.134,"Сокольники",55.789282,37.679895,3
1,"Москва",1,"Сокольническая",E42313,1.60,"Красносельская",55.780014,37.666097,4
1,"Москва",1,"Сокольническая",E42313,1.54,"Комсомольская",55.774072,37.654565,5
1,"Москва",1,"Сокольническая",E42313,1.61,"Красные ворота",55.768307,37.6478,6
1,"Москва",1,"Сокольническая",E42313,1.143,"Чистые пруды",55.76499,37.638293,7
1,"Москва",1,"Сокольническая",E42313,1.66,"Лубянка",55.759889,37.625336,8
1,"Москва",1,"Сокольническая",E42313,1.98,"Охотный ряд",55.757228,37.615078,9
1,"Москва",1,"Сокольническая",E42313,1.4,"Библиотека им.Ленина",55.752123,37.610388,10
1,"Москва",1,"Сокольническая",E42313,1.64,"Кропоткинская",55.745297,37.604217,11
1,"Москва",1,"Сокольническая",E42313,1.103,"Парк культуры",55.736163,37.595027,12
1,"Москва",1,"Сокольническая",E42313,1.152,"Фрунзенская",55.727462,37.58022,13
1,"Москва",1,"Сокольническая",E42313,1.135,"Спортивная",55.722388,37.562041,14
1,"Москва",1,"Сокольническая",E42313,1.165,"Воробьевы горы",55.709169,37.557293,15
1,"Москва",1,"Сокольническая",E42313,1.149,"Университет",55.69329,37.534511,16
1,"Москва",1,"Сокольническая",E42313,1.118,"Проспект Вернадского",55.676549,37.504584,17
1,"Москва",1,"Сокольническая",E42313,1.162,"Юго-Западная",55.663146,37.482852,18
1,"Москва",1,"Сокольническая",E42313,1.505,"Тропарево",55.6459,37.4725,19
1,"Москва",1,"Сокольническая",E42313,1.513,"Румянцево",55.633,37.4419,20
1,"Москва",1,"Сокольническая",E42313,1.514,"Саларьево",55.6227,37.424,21
1,"Москва",1,"Сокольническая",E42313,1.678,"Филатов луг",55.5997,37.4075,22
1,"Москва",1,"Сокольническая",E42313,1.679,"Прокшино",55.5813,37.4425,23
1,"Москва",1,"Сокольническая",E42313,1.680,"Ольховая",55.5692,37.4589,24
1,"Москва",1,"Сокольническая",E42313,1.681,"Коммунарка",55.559765,37.468716,25
1,"Москва",3,"Арбатско-Покровская",0072BA,3.159,"Щелковская",55.809962,37.798261,0
1,"Москва",3,"Арбатско-Покровская",0072BA,3.106,"Первомайская",55.794376,37.799364,1
1,"Москва",3,"Арбатско-Покровская",0072BA,3.40,"Измайловская",55.787713,37.779896,2
1,"Москва",3,"Арбатско-Покровская",0072BA,3.105,"Партизанская",55.788401,37.74882,3
1,"Москва",3,"Арбатско-Покровская",0072BA,3.130,"Семеновская",55.783096,37.719289,4
1,"Москва",3,"Арбатско-Покровская",0072BA,3.161,"Электрозаводская",55.782057,37.7053,5
1,"Москва",3,"Арбатско-Покровская",0072BA,3.17,"Бауманская",55.772405,37.67904,6
1,"Москва",3,"Арбатско-Покровская",0072BA,3.70,"Курская",55.758564,37.659039,7
1,"Москва",3,"Арбатско-Покровская",0072BA,3.100,"Площадь Революции",55.756741,37.62236,8
1,"Москва",3,"Арбатско-Покровская",0072BA,3.5,"Арбатская",55.752312,37.60349,9
1,"Москва",3,"Арбатско-Покровская",0072BA,3.131,"Смоленская",55.747713,37.583802,10
1,"Москва",3,"Арбатско-Покровская",0072BA,3.47,"Киевская",55.743117,37.564132,11
1,"Москва",3,"Арбатско-Покровская",0072BA,3.173,"Парк Победы",55.735679,37.516865,12
1,"Москва",3,"Арбатско-Покровская",0072BA,3.176,"Славянский бульвар",55.729542,37.470973,13
1,"Москва",3,"Арбатско-Покровская",0072BA,3.69,"Кунцевская",55.730673,37.446522,14
1,"Москва",3,"Арбатско-Покровская",0072BA,3.84,"Молодежная",55.741375,37.415627,15
1,"Москва",3,"Арбатско-Покровская",0072BA,3.65,"Крылатское",55.756842,37.408139,16
1,"Москва",3,"Арбатско-Покровская",0072BA,3.174,"Строгино",55.803831,37.402405,17
1,"Москва",3,"Арбатско-Покровская",0072BA,3.181,"Мякинино",55.823342,37.385214,18
1,"Москва",3,"Арбатско-Покровская",0072BA,3.182,"Волоколамская",55.835154,37.382453,19
1,"Москва",3,"Арбатско-Покровская",0072BA,3.183,"Митино",55.846098,37.36122,20
1,"Москва",3,"Арбатско-Покровская",0072BA,3.463,"Пятницкое шоссе",55.853634,37.353108,21
1,"Москва",4,"Филевская",1EBCEF,4.471,"Кунцевская",55.730815,37.446754,0
1,"Москва",4,"Филевская",1EBCEF,4.110,"Пионерская",55.736027,37.466728,1
1,"Москва",4,"Филевская",1EBCEF,4.150,"Филевский парк",55.739665,37.483902,2
1,"Москва",4,"Филевская",1EBCEF,4.14,"Багратионовская",55.743544,37.497042,3
1,"Москва",4,"Филевская",1EBCEF,4.151,"Фили",55.746763,37.514035,4
1,"Москва",4,"Филевская",1EBCEF,4.73,"Кутузовская",55.740544,37.5341,5
1,"Москва",4,"Филевская",1EBCEF,4.136,"Студенческая",55.738761,37.54842,6
1,"Москва",4,"Филевская",1EBCEF,4.48,"Киевская",55.743168,37.565425,7
1,"Москва",4,"Филевская",1EBCEF,4.132,"Смоленская",55.749083,37.582173,8
1,"Москва",4,"Филевская",1EBCEF,4.11,"Арбатская",55.752122,37.601553,9
1,"Москва",4,"Филевская",1EBCEF,4.6,"Александровский сад",55.752255,37.608775,10
1,"Москва",4,"Филевская",1EBCEF,4.172,"Выставочная",55.750243,37.542641,11
1,"Москва",4,"Филевская",1EBCEF,4.179,"Международная",55.748324,37.533282,12
1,"Москва",9,"Серпуховско-Тимирязевская",ADACAC,9.9,"Алтуфьево",55.899034,37.586473,0
1,"Москва",9,"Серпуховско-Тимирязевская",ADACAC,9.22,"Бибирево",55.883868,37.603011,1
1,"Москва",9,"Серпуховско-Тимирязевская",ADACAC,9.97,"Отрадное",55.864273,37.605066,2
1,"Москва",9,"Серпуховско-Тимирязевская",ADACAC,9.28,"Владыкино",55.848236,37.590451,3
1,"Москва",9,"Серпуховско-Тимирязевская",ADACAC,9.108,"Петровско-Разумовская",55.836565,37.575512,4
1,"Москва",9,"Серпуховско-Тимирязевская",ADACAC,9.141,"Тимирязевская",55.81866,37.574498,5
1,"Москва",9,"Серпуховско-Тимирязевская",ADACAC,9.35,"Дмитровская",55.808056,37.581734,6
1,"Москва",9,"Серпуховско-Тимирязевская",ADACAC,9.128,"Савёловская",55.794054,37.587163,7
1,"Москва",9,"Серпуховско-Тимирязевская",ADACAC,9.83,"Менделеевская",55.781999,37.599141,8
1,"Москва",9,"Серпуховско-Тимирязевская",ADACAC,9.154,"Цветной бульвар",55.771653,37.620466,9
1,"Москва",9,"Серпуховско-Тимирязевская",ADACAC,9.123,"Чеховская",55.765747,37.608493,10
1,"Москва",9,"Серпуховско-Тимирязевская",ADACAC,9.7,"Боровицкая",55.750399,37.60934,11
1,"Москва",9,"Серпуховско-Тимирязевская",ADACAC,9.115,"Полянка",55.736795,37.618594,12
1,"Москва",9,"Серпуховско-Тимирязевская",ADACAC,9.37,"Серпуховская",55.726548,37.624792,13
1,"Москва",9,"Серпуховско-Тимирязевская",ADACAC,9.142,"Тульская",55.70961,37.622569,14
1,"Москва",9,"Серпуховско-Тимирязевская",ADACAC,9.85,"Нагатинская",55.682099,37.620917,15
1,"Москва",9,"Серпуховско-Тимирязевская",ADACAC,9.86,"Нагорная",55.672962,37.610397,16
1,"Москва",9,"Серпуховско-Тимирязевская",ADACAC,9.87,"Нахимовский проспект",55.662379,37.605274,17
1,"Москва",9,"Серпуховско-Тимирязевская",ADACAC,9.43,"Севастопольская",55.651451,37.59809,18
1,"Москва",9,"Серпуховско-Тимирязевская",ADACAC,9.156,"Чертановская",55.640538,37.606065,19
1,"Москва",9,"Серпуховско-Тимирязевская",ADACAC,9.163,"Южная",55.622436,37.609047,20
1,"Москва",9,"Серпуховско-Тимирязевская",ADACAC,9.116,"Пражская",55.610962,37.602386,21
1,"Москва",9,"Серпуховско-Тимирязевская",ADACAC,9.147,"Улица Академика Янгеля",55.596753,37.601498,22
1,"Москва",9,"Серпуховско-Тимирязевская",ADACAC,9.10,"Аннино",55.583477,37.596999,23
1,"Москва",9,"Серпуховско-Тимирязевская",ADACAC,9.170,"Бульвар Дмитрия Донского",55.568201,37.576856,24
1,"Москва",7,"Таганско-Краснопресненская",943E90,7.111,"Планерная",55.859676,37.436808,0
1,"Москва",7,"Таганско-Краснопресненская",943E90,7.138,"Сходненская",55.84926,37.44076,1
1,"Москва",7,"Таганско-Краснопресненская",943E90,7.145,"Тушинская",55.825479,37.437024,2
1,"Москва",7,"Таганско-Краснопресненская",943E90,7.507,"Спартак",55.8182,37.4352,3
1,"Москва",7,"Таганско-Краснопресненская",943E90,7.160,"Щукинская",55.8094,37.463241,4
1,"Москва",7,"Таганско-Краснопресненская",943E90,7.95,"Октябрьское поле",55.793581,37.493317,5
1,"Москва",7,"Таганско-Краснопресненская",943E90,7.114,"Полежаевская",55.777201,37.517895,6
1,"Москва",7,"Таганско-Краснопресненская",943E90,7.18,"Беговая",55.773505,37.545518,7
1,"Москва",7,"Таганско-Краснопресненская",943E90,7.146,"Улица 1905 года",55.763944,37.562271,8
1,"Москва",7,"Таганско-Краснопресненская",943E90,7.16,"Баррикадная",55.760793,37.581242,9
1,"Москва",7,"Таганско-Краснопресненская",943E90,7.124,"Пушкинская",55.765607,37.604356,10
1,"Москва",7,"Таганско-Краснопресненская",943E90,7.67,"Кузнецкий мост",55.761498,37.624423,11
1,"Москва",7,"Таганско-Краснопресненская",943E90,7.51,"Китай-город",55.75436,37.633877,12
1,"Москва",7,"Таганско-Краснопресненская",943E90,7.77,"Таганская",55.739502,37.653605,13
1,"Москва",7,"Таганско-Краснопресненская",943E90,7.62,"Пролетарская",55.731546,37.666917,14
1,"Москва",7,"Таганско-Краснопресненская",943E90,7.31,"Волгоградский проспект",55.725546,37.685197,15
1,"Москва",7,"Таганско-Краснопресненская",943E90,7.139,"Текстильщики",55.709211,37.732117,16
1,"Москва",7,"Таганско-Краснопресненская",943E90,7.68,"Кузьминки",55.705493,37.763295,17
1,"Москва",7,"Таганско-Краснопресненская",943E90,7.127,"Рязанский проспект",55.716139,37.792694,18
1,"Москва",7,"Таганско-Краснопресненская",943E90,7.33,"Выхино",55.715983,37.816788,19
1,"Москва",7,"Таганско-Краснопресненская",943E90,7.464,"Лермонтовский проспект",55.702036,37.851044,20
1,"Москва",7,"Таганско-Краснопресненская",943E90,7.465,"Жулебино",55.684722,37.855833,21
1,"Москва",7,"Таганско-Краснопресненская",943E90,7.508,"Котельники",55.6743,37.8582,22
1,"Москва",5,"Кольцевая",915133,5.82,"Новослободская",55.779606,37.601252,0
1,"Москва",5,"Кольцевая",915133,5.119,"Проспект Мира",55.779584,37.633646,1
1,"Москва",5,"Кольцевая",915133,5.55,"Комсомольская",55.775672,37.654772,2
1,"Москва",5,"Кольцевая",915133,5.71,"Курская",55.758631,37.661059,3
1,"Москва",5,"Кольцевая",915133,5.76,"Таганская",55.742396,37.653334,4
1,"Москва",5,"Кольцевая",915133,5.102,"Павелецкая",55.731414,37.636294,5
1,"Москва",5,"Кольцевая",915133,5.36,"Добрынинская",55.728994,37.622533,6
1,"Москва",5,"Кольцевая",915133,5.93,"Октябрьская",55.729264,37.611049,7
1,"Москва",5,"Кольцевая",915133,5.104,"Парк культуры",55.735221,37.593095,8
1,"Москва",5,"Кольцевая",915133,5.49,"Киевская",55.74361,37.56735,10
1,"Москва",5,"Кольцевая",915133,5.58,"Краснопресненская",55.760378,37.577114,11
1,"Москва",5,"Кольцевая",915133,5.20,"Белорусская",55.775179,37.582303,12
1,"Москва",10,"Люблинско-Дмитровская",BED12C,10.833,"Физтех",55.921389,37.546389,0
1,"Москва",10,"Люблинско-Дмитровская",BED12C,10.834,"Лианозово",55.931111,37.543611,1
1,"Москва",10,"Люблинско-Дмитровская",BED12C,10.835,"Яхромская",55.8775,37.545833,2
1,"Москва",10,"Люблинско-Дмитровская",BED12C,10.597,"Селигерская",55.86483,37.55005,3
1,"Москва",10,"Люблинско-Дмитровская",BED12C,10.598,"Верхние Лихоборы",55.85566,37.56282,4
1,"Москва",10,"Люблинско-Дмитровская",BED12C,10.596,"Окружная",55.848889,37.571111,5
1,"Москва",10,"Люблинско-Дмитровская",BED12C,10.548,"Петровско-Разумовская",55.836667,37.575556,6
1,"Москва",10,"Люблинско-Дмитровская",BED12C,10.547,"Фонвизинская",55.822778,37.588056,7
1,"Москва",10,"Люблинско-Дмитровская",BED12C,10.546,"Бутырская ",55.813333,37.602778,8
1,"Москва",10,"Люблинско-Дмитровская",BED12C,10.185,"Марьина Роща",55.793723,37.61618,9
1,"Москва",10,"Люблинско-Дмитровская",BED12C,10.184,"Достоевская",55.781667,37.613889,10
1,"Москва",10,"Люблинско-Дмитровская",BED12C,10.177,"Трубная",55.76771,37.621926,11
1,"Москва",10,"Люблинско-Дмитровская",BED12C,10.175,"Сретенский бульвар",55.766106,37.635688,12
1,"Москва",10,"Люблинско-Дмитровская",BED12C,10.72,"Чкаловская",55.755951,37.659293,13
1,"Москва",10,"Люблинско-Дмитровская",BED12C,10.113,"Римская",55.747027,37.679996,14
1,"Москва",10,"Люблинско-Дмитровская",BED12C,10.63,"Крестьянская застава",55.732278,37.665325,15
1,"Москва",10,"Люблинско-Дмитровская",BED12C,10.39,"Дубровка",55.71807,37.676259,16
1,"Москва",10,"Люблинско-Дмитровская",BED12C,10.52,"Кожуховская",55.706156,37.68544,17
1,"Москва",10,"Люблинско-Дмитровская",BED12C,10.109,"Печатники",55.692921,37.728338,18
1,"Москва",10,"Люблинско-Дмитровская",BED12C,10.32,"Волжская",55.690446,37.754314,19
1,"Москва",10,"Люблинско-Дмитровская",BED12C,10.75,"Люблино",55.676596,37.761639,20
1,"Москва",10,"Люблинско-Дмитровская",BED12C,10.25,"Братиславская",55.658817,37.748415,21
1,"Москва",10,"Люблинско-Дмитровская",BED12C,10.79,"Марьино",55.649158,37.743844,22
1,"Москва",10,"Люблинско-Дмитровская",BED12C,10.187,"Борисово",55.6325,37.743333,23
1,"Москва",10,"Люблинско-Дмитровская",BED12C,10.188,"Шипиловская",55.621667,37.743611,24
1,"Москва",10,"Люблинско-Дмитровская",BED12C,10.186,"Зябликово",55.611944,37.745278,25
1,"Москва",11,"Каховская",88CDCF,11.46,"Каширская",55.654327,37.647705,0
1,"Москва",11,"Каховская",88CDCF,11.26,"Варшавская",55.653294,37.619522,1
1,"Москва",11,"Каховская",88CDCF,11.44,"Каховская",55.652923,37.596573,2
1,"Москва",12,"Бутовская",BAC8E8,12.167,"Бунинская аллея",55.537977,37.515899,0
1,"Москва",12,"Бутовская",BAC8E8,12.168,"Улица Горчакова",55.542281,37.532063,1
1,"Москва",12,"Бутовская",BAC8E8,12.169,"Бульвар Адмирала Ушакова",55.545207,37.542329,2
1,"Москва",12,"Бутовская",BAC8E8,12.166,"Улица Скобелевская",55.548103,37.552721,3
1,"Москва",12,"Бутовская",BAC8E8,12.171,"Улица Старокачаловская",55.569194,37.576074,4
1,"Москва",12,"Бутовская",BAC8E8,12.466,"Лесопарковая",55.581656,37.577816,5
1,"Москва",12,"Бутовская",BAC8E8,12.467,"Битцевский Парк",55.600066,37.556058,6
1,"Москва",133,"Солнцевская",FFCD1C,133.468,"Деловой центр",55.7491,37.5395,0
1,"Москва",133,"Солнцевская",FFCD1C,133.885,"Пыхтино",55.625,37.298056,1
1,"Москва",133,"Солнцевская",FFCD1C,133.470,"Парк Победы",55.736478,37.514401,2
1,"Москва",133,"Солнцевская",FFCD1C,133.555,"Минская",55.7232,37.5038,3
1,"Москва",133,"Солнцевская",FFCD1C,133.556,"Ломоносовский проспект",55.7055,37.5225,4
1,"Москва",133,"Солнцевская",FFCD1C,133.557,"Раменки",55.6961,37.505,5
1,"Москва",133,"Солнцевская",FFCD1C,133.607,"Мичуринский проспект",55.6888,37.485,6
1,"Москва",133,"Солнцевская",FFCD1C,133.608,"Озёрная",55.6698,37.4495,7
1,"Москва",133,"Солнцевская",FFCD1C,133.609,"Говорово",55.6588,37.4174,8
1,"Москва",133,"Солнцевская",FFCD1C,133.610,"Солнцево",55.649,37.3911,9
1,"Москва",133,"Солнцевская",FFCD1C,133.611,"Боровское шоссе",55.647,37.3701,10
1,"Москва",133,"Солнцевская",FFCD1C,133.612,"Новопеределкино",55.6385,37.3544,11
1,"Москва",133,"Солнцевская",FFCD1C,133.613,"Рассказовка",55.6324,37.3328,12
1,"Москва",95,"МЦК",CC4C6E,95.515,"Окружная",55.848889,37.571111,0
1,"Москва",95,"МЦК",CC4C6E,95.516,"Владыкино",55.847222,37.591944,1
1,"Москва",95,"МЦК",CC4C6E,95.517,"Ботанический сад",55.845556,37.640278,2
1,"Москва",95,"МЦК",CC4C6E,95.518,"Ростокино",55.839444,37.667778,3
1,"Москва",95,"МЦК",CC4C6E,95.519,"Белокаменная",55.83,37.700556,4
1,"Москва",95,"МЦК",CC4C6E,95.520,"Бульвар Рокоссовского",55.817222,37.736944,5
1,"Москва",95,"МЦК",CC4C6E,95.521,"Локомотив",55.803219,37.745742,6
1,"Москва",95,"МЦК",CC4C6E,95.522,"Измайлово",55.788611,37.742778,7
1,"Москва",95,"МЦК",CC4C6E,95.523,"Соколиная Гора",55.77,37.745278,8
1,"Москва",95,"МЦК",CC4C6E,95.524,"Шоссе Энтузиастов",55.758633,37.748477,9
1,"Москва",95,"МЦК",CC4C6E,95.525,"Андроновка",55.741111,37.734444,10
1,"Москва",95,"МЦК",CC4C6E,95.526,"Нижегородская",55.732222,37.72825,11
1,"Москва",95,"МЦК",CC4C6E,95.527,"Новохохловская",55.723889,37.716111,12
1,"Москва",95,"МЦК",CC4C6E,95.528,"Угрешская",55.718333,37.697778,13
1,"Москва",95,"МЦК",CC4C6E,95.529,"Дубровка",55.71268,37.677775,14
1,"Москва",95,"МЦК",CC4C6E,95.530,"Автозаводская",55.70631,37.66314,15
1,"Москва",95,"МЦК",CC4C6E,95.531,"ЗИЛ",55.698333,37.648333,16
1,"Москва",95,"МЦК",CC4C6E,95.532,"Верхние Котлы",55.69,37.618889,17
1,"Москва",95,"МЦК",CC4C6E,95.533,"Крымская",55.690038,37.605,18
1,"Москва",95,"МЦК",CC4C6E,95.534,"Площадь Гагарина",55.706944,37.585833,19
1,"Москва",95,"МЦК",CC4C6E,95.535,"Лужники",55.720278,37.563056,20
1,"Москва",95,"МЦК",CC4C6E,95.536,"Кутузовская",55.740833,37.533333,21
1,"Москва",95,"МЦК",CC4C6E,95.537,"Деловой центр",55.747222,37.532222,22
1,"Москва",95,"МЦК",CC4C6E,95.538,"Шелепиха",55.7575,37.525556,23
1,"Москва",95,"МЦК",CC4C6E,95.539,"Хорошево",55.777222,37.507222,24
1,"Москва",95,"МЦК",CC4C6E,95.540,"Зорге",55.787778,37.504444,25
1,"Москва",95,"МЦК",CC4C6E,95.541,"Панфиловская",55.799167,37.498889,26
1,"Москва",95,"МЦК",CC4C6E,95.542,"Стрешнево",55.813611,37.486944,27
1,"Москва",95,"МЦК",CC4C6E,95.543,"Балтийская",55.825833,37.496111,28
1,"Москва",95,"МЦК",CC4C6E,95.544,"Коптево",55.839637,37.520037,29
1,"Москва",95,"МЦК",CC4C6E,95.545,"Лихоборы",55.847222,37.551389,30
1,"Москва",96,"Монорельс",006DA8,96.549,"Тимирязевская",55.819049,37.578882,0
1,"Москва",96,"Монорельс",006DA8,96.550,"Улица Милашенкова",55.821876,37.591206,1
1,"Москва",96,"Монорельс",006DA8,96.551,"Телецентр",55.821795,37.608975,2
1,"Москва",96,"Монорельс",006DA8,96.552,"Улица Академика Королёва",55.821821,37.627167,3
1,"Москва",96,"Монорельс",006DA8,96.553,"Выставочный центр",55.824086,37.638494,4
1,"Москва",96,"Монорельс",006DA8,96.554,"Улица Сергея Эйзенштейна",55.829305,37.644997,5
1,"Москва",97,"Большая кольцевая линия",88CDCF,97.813,"Мичуринский проспект",55.688333,37.485,0
1,"Москва",97,"Большая кольцевая линия",88CDCF,97.814,"Проспект Вернадского",55.677778,37.505,1
1,"Москва",97,"Большая кольцевая линия",88CDCF,97.815,"Новаторская",55.670833,37.52,2
1,"Москва",97,"Большая кольцевая линия",88CDCF,97.816,"Воронцовская",55.658333,37.540833,3
1,"Москва",97,"Большая кольцевая линия",88CDCF,97.817,"Зюзино",55.655158,37.575786,4
1,"Москва",97,"Большая кольцевая линия",88CDCF,97.818,"Каховская",55.653056,37.598333,5
1,"Москва",97,"Большая кольцевая линия",88CDCF,97.824,"Варшавская",55.653333,37.619444,6
1,"Москва",97,"Большая кольцевая линия",88CDCF,97.832,"Каширская",55.655,37.648611,7
1,"Москва",97,"Большая кольцевая линия",88CDCF,97.831,"Кленовый бульвар",55.674444,37.680833,8
1,"Москва",97,"Большая кольцевая линия",88CDCF,97.830,"Нагатинский Затон",55.684444,37.703611,9
1,"Москва",97,"Большая кольцевая линия",88CDCF,97.829,"Печатники",55.694722,37.7275,10
1,"Москва",97,"Большая кольцевая линия",88CDCF,97.828,"Текстильщики",55.708333,37.728333,11
1,"Москва",97,"Большая кольцевая линия",88CDCF,97.827,"Нижегородская",55.7325,37.728611,12
1,"Москва",97,"Большая кольцевая линия",88CDCF,97.826,"Авиамоторная",55.753056,37.718611,13
1,"Москва",97,"Большая кольцевая линия",88CDCF,97.825,"Лефортово",55.764444,37.702778,14
1,"Москва",97,"Большая кольцевая линия",88CDCF,97.803,"Электрозаводская",55.782057,37.7053,15
1,"Москва",97,"Большая кольцевая линия",88CDCF,97.823,"Сокольники",55.791111,37.678889,16
1,"Москва",97,"Большая кольцевая линия",88CDCF,97.822,"Рижская",55.792222,37.633889,17
1,"Москва",97,"Большая кольцевая линия",88CDCF,97.821,"Марьина Роща",55.798333,37.617222,18
1,"Москва",97,"Большая кольцевая линия",88CDCF,97.685,"Савёловская",55.794054,37.587163,19
1,"Москва",97,"Большая кольцевая линия",88CDCF,97.599,"Петровский парк",55.79233,37.55952,20
1,"Москва",97,"Большая кольцевая линия",88CDCF,97.600,"ЦСКА",55.78643,37.53502,21
1,"Москва",97,"Большая кольцевая линия",88CDCF,97.601,"Хорошевская",55.77643,37.51981,22
1,"Москва",97,"Большая кольцевая линия",88CDCF,97.602,"Шелепиха",55.75723,37.52571,23
1,"Москва",97,"Большая кольцевая линия",88CDCF,97.603,"Деловой центр",55.7491,37.5395,24
1,"Москва",97,"Большая кольцевая линия",88CDCF,97.806,"Народное Ополчение",55.775278,39.484444,25
1,"Москва",97,"Большая кольцевая линия",88CDCF,97.805,"Мнёвники",55.761153,37.47139,26
1,"Москва",97,"Большая кольцевая линия",88CDCF,97.809,"Терехово",55.749167,38.460556,27
1,"Москва",97,"Большая кольцевая линия",88CDCF,97.810,"Кунцевская",55.730278,37.445833,28
1,"Москва",97,"Большая кольцевая линия",88CDCF,97.811,"Давыдково",55.715278,37.451667,29
1,"Москва",97,"Большая кольцевая линия",88CDCF,97.812,"Аминьевская",55.697222,37.464167,30
1,"Москва",98,"Некрасовская",CC0066,98.675,"Косино",55.7026,37.8511,0
1,"Москва",98,"Некрасовская",CC0066,98.676,"Улица Дмитриевского",55.7093,37.8792,1
1,"Москва",98,"Некрасовская",CC0066,98.677,"Лухмановская",55.7078,37.9004,2
1,"Москва",98,"Некрасовская",CC0066,98.641,"Некрасовка",55.7029,37.9264,3
1,"Москва",98,"Некрасовская",CC0066,98.762,"Юго-Восточная",55.71,37.82,4
1,"Москва",98,"Некрасовская",CC0066,98.763,"Окская",55.72,37.77,5
1,"Москва",98,"Некрасовская",CC0066,98.764,"Стахановская",55.73,37.76,6
1,"Москва",98,"Некрасовская",CC0066,98.765,"Нижегородская",55.73,37.73,7
1,"Москва",98,"Некрасовская",CC0066,98.800,"Лефортово",55.764444,37.702778,8
1,"Москва",98,"Некрасовская",CC0066,98.802,"Электрозаводская",55.782057,37.7053,9
1,"Москва",98,"Некрасовская",CC0066,98.804,"Авиамоторная",55.751933,37.717444,10
1,"Москва",131,"МЦД - 1",F5A528,131.687,"Лобня",56.0048,37.29057,0
1,"Москва",131,"МЦД - 1",F5A528,131.688,"Шереметьевская",55.983882,37.498752,1
1,"Москва",131,"МЦД - 1",F5A528,131.689,"Хлебниково",55.970682,37.504638,2
1,"Москва",131,"МЦД - 1",F5A528,131.690,"Водники",55.953419,37.511143,3
1,"Москва",131,"МЦД - 1",F5A528,131.691,"Долгопрудная",55.938656,37.520542,4
1,"Москва",131,"МЦД - 1",F5A528,131.692,"Новодачная",55.924459,37.527877,5
1,"Москва",131,"МЦД - 1",F5A528,131.693,"Марк",55.904458,37.538242,6
1,"Москва",131,"МЦД - 1",F5A528,131.694,"Лианозово",55.897316,37.553261,7
1,"Москва",131,"МЦД - 1",F5A528,131.695,"Бескудниково",55.882713,37.567768,8
1,"Москва",131,"МЦД - 1",F5A528,131.696,"Дегунино",55.86586,37.573235,9
1,"Москва",131,"МЦД - 1",F5A528,131.697,"Окружная",55.848889,37.571111,10
1,"Москва",131,"МЦД - 1",F5A528,131.698,"Тимирязевская",55.81866,37.574498,11
1,"Москва",131,"МЦД - 1",F5A528,131.699,"Савёловская",55.793936,37.587038,12
1,"Москва",131,"МЦД - 1",F5A528,131.700,"Белорусская",55.775179,37.582303,13
1,"Москва",131,"МЦД - 1",F5A528,131.701,"Беговая",55.773505,37.545518,14
1,"Москва",131,"МЦД - 1",F5A528,131.702,"Тестовская",55.754292,37.531551,15
1,"Москва",131,"МЦД - 1",F5A528,131.703,"Фили",55.744263,37.514526,16
1,"Москва",131,"МЦД - 1",F5A528,131.801,"Славянский бульвар",55.729722,37.470556,17
1,"Москва",131,"МЦД - 1",F5A528,131.704,"Кунцевская",55.730554,37.445591,18
1,"Москва",131,"МЦД - 1",F5A528,131.705,"Рабочий Посёлок",55.726957,37.415577,19
1,"Москва",131,"МЦД - 1",F5A528,131.706,"Сетунь",55.723713,37.397259,20
1,"Москва",131,"МЦД - 1",F5A528,131.707,"Немчиновка",55.715668,37.374611,21
1,"Москва",131,"МЦД - 1",F5A528,131.708,"Сколково",55.666801,37.424618,22
1,"Москва",131,"МЦД - 1",F5A528,131.709,"Баковка",55.682816,37.315205,23
1,"Москва",131,"МЦД - 1",F5A528,131.710,"Одинцово",55.67798,37.27773,24
1,"Москва",132,"МЦД - 2",E74683,132.711,"Нахабино",55.841522,37.185204,0
1,"Москва",132,"МЦД - 2",E74683,132.712,"Аникеевка",55.832099,37.219829,1
1,"Москва",132,"МЦД - 2",E74683,132.713,"Опалиха",55.82333,37.246843,2
1,"Москва",132,"МЦД - 2",E74683,132.714,"Красногорская",55.814571,37.303337,3
1,"Москва",132,"МЦД - 2",E74683,132.715,"Павшино",55.815231,37.341461,4
1,"Москва",132,"МЦД - 2",E74683,132.716,"Пенягино",55.822539,37.361049,5
1,"Москва",132,"МЦД - 2",E74683,132.717,"Волоколамская",55.835154,37.382453,6
1,"Москва",132,"МЦД - 2",E74683,132.744,"Трикотажная",55.833137,37.398967,7
1,"Москва",132,"МЦД - 2",E74683,132.718,"Тушинская",55.825479,37.437024,8
1,"Москва",132,"МЦД - 2",E74683,132.719,"Покровское-Стрешнево",55.814247,37.47678,9
1,"Москва",132,"МЦД - 2",E74683,132.720,"Стрешнево",55.813611,37.486944,10
1,"Москва",132,"МЦД - 2",E74683,132.721,"Красный Балтиец",55.815514,37.526367,11
1,"Москва",132,"МЦД - 2",E74683,132.722,"Гражданская",55.805527,37.55315,12
1,"Москва",132,"МЦД - 2",E74683,132.723,"Дмитровская",55.808056,37.581734,13
1,"Москва",132,"МЦД - 2",E74683,132.724,"Рижская",55.792494,37.636114,14
1,"Москва",132,"МЦД - 2",E74683,132.725,"Площадь трёх вокзалов",55.776087,37.651861,15
1,"Москва",132,"МЦД - 2",E74683,132.726,"Курская",55.757622,37.660767,16
1,"Москва",132,"МЦД - 2",E74683,132.727,"Москва Товарная",55.745358,37.688839,17
1,"Москва",132,"МЦД - 2",E74683,132.728,"Калитники",55.733981,37.702203,18
1,"Москва",132,"МЦД - 2",E74683,132.729,"Новохохловская",55.718523,37.719236,19
1,"Москва",132,"МЦД - 2",E74683,132.730,"Текстильщики",55.708934,37.731283,20
1,"Москва",132,"МЦД - 2",E74683,132.731,"Люблино",55.676596,37.761639,21
1,"Москва",132,"МЦД - 2",E74683,132.732,"Депо",55.674257,37.728446,22
1,"Москва",132,"МЦД - 2",E74683,132.733,"Перерва",55.660809,37.716278,23
1,"Москва",132,"МЦД - 2",E74683,132.807,"Курьяново",55.649722,37.701667,24
1,"Москва",132,"МЦД - 2",E74683,132.734,"Москворечье",55.641239,37.689789,25
1,"Москва",132,"МЦД - 2",E74683,132.735,"Царицыно",55.618309,37.668846,26
1,"Москва",132,"МЦД - 2",E74683,132.736,"Покровское",55.814247,37.47678,27
1,"Москва",132,"МЦД - 2",E74683,132.737,"Красный строитель",55.589455,37.615093,28
1,"Москва",132,"МЦД - 2",E74683,132.738,"Битца",55.571186,37.611443,29
1,"Москва",132,"МЦД - 2",E74683,132.739,"Бутово",55.548279,37.555668,30
1,"Москва",132,"МЦД - 2",E74683,132.740,"Щербинка",55.509724,37.562008,31
1,"Москва",132,"МЦД - 2",E74683,132.741,"Остафьево",55.50337,37.520055,32
1,"Москва",132,"МЦД - 2",E74683,132.742,"Силикатная",55.470278,37.555278,33
1,"Москва",132,"МЦД - 2",E74683,132.743,"Подольск",55.431667,37.565,34
1,"Москва",135,"МЦД-3",EA5B04,135.836,"Крюково",55.979722,37.173611,0
1,"Москва",135,"МЦД-3",EA5B04,135.837,"Малино",55.969167,37.211667,1
1,"Москва",135,"МЦД-3",EA5B04,135.838,"Фирсановская",55.960278,37.251111,2
1,"Москва",135,"МЦД-3",EA5B04,135.839,"Сходня",55.949722,37.298611,3
1,"Москва",135,"МЦД-3",EA5B04,135.840,"Подрезково",55.941667,37.334722,4
1,"Москва",135,"МЦД-3",EA5B04,135.841,"Новоподрезково",55.936389,37.351667,5
1,"Москва",135,"МЦД-3",EA5B04,135.842,"Молжаниново",55.924167,37.380833,6
1,"Москва",135,"МЦД-3",EA5B04,135.843,"Химки",55.894444,37.450833,7
1,"Москва",135,"МЦД-3",EA5B04,135.844,"Левобережная",55.886944,37.468611,8
1,"Москва",135,"МЦД-3",EA5B04,135.845,"Ховрино",55.879444,37.486667,9
1,"Москва",135,"МЦД-3",EA5B04,135.846,"Грачёвская",55.869444,37.509167,10
1,"Москва",135,"МЦД-3",EA5B04,135.847,"Моссельмаш",55.862222,37.526389,11
1,"Москва",135,"МЦД-3",EA5B04,135.848,"Лихоборы",55.85,37.5525,12
1,"Москва",135,"МЦД-3",EA5B04,135.849,"Петровско-Разумовская",55.839722,37.568333,13
1,"Москва",135,"МЦД-3",EA5B04,135.850,"Останкино",55.817222,37.603611,14
1,"Москва",135,"МЦД-3",EA5B04,135.851,"Рижская",55.796944,37.639167,15
1,"Москва",135,"МЦД-3",EA5B04,135.852,"Митьково",55.786389,37.6675,16
1,"Москва",135,"МЦД-3",EA5B04,135.853,"Электрозаводская",55.781111,37.705278,17
1,"Москва",135,"МЦД-3",EA5B04,135.854,"Сортировочная",55.763611,37.720833,18
1,"Москва",135,"МЦД-3",EA5B04,135.855,"Авиамоторная",55.750278,37.721944,19
1,"Москва",135,"МЦД-3",EA5B04,135.856,"Андроновка",55.744444,37.741111,20
1,"Москва",135,"МЦД-3",EA5B04,135.857,"Перово",55.735556,37.765,21
1,"Москва",135,"МЦД-3",EA5B04,135.858,"Плющево",55.730556,37.774167,22
1,"Москва",135,"МЦД-3",EA5B04,135.859,"Вешняки",55.721944,37.799167,23
1,"Москва",135,"МЦД-3",EA5B04,135.860,"Выхино",55.88,37.816667,24
1,"Москва",135,"МЦД-3",EA5B04,135.861,"Косино",55.714167,37.8475,25
1,"Москва",135,"МЦД-3",EA5B04,135.862,"Ухтомская",55.698611,37.864167,26
1,"Москва",135,"МЦД-3",EA5B04,135.863,"Люберцы I",55.681667,37.896944,27
1,"Москва",135,"МЦД-3",EA5B04,135.864,"Панки",55.668889,37.9225,28
1,"Москва",135,"МЦД-3",EA5B04,135.865,"Томилино",55.655,37.954722,29
1,"Москва",135,"МЦД-3",EA5B04,135.866,"Красково",55.649722,37.9825,30
1,"Москва",135,"МЦД-3",EA5B04,135.867,"Малаховка",55.645,38.008333,31
1,"Москва",135,"МЦД-3",EA5B04,135.868,"Удельная",55.634444,38.043889,32
1,"Москва",135,"МЦД-3",EA5B04,135.869,"Быково",55.626667,38.070556,33
1,"Москва",135,"МЦД-3",EA5B04,135.870,"Ильинская",55.616389,38.100278,34
1,"Москва",135,"МЦД-3",EA5B04,135.871,"Отдых",55.601111,38.136944,35
1,"Москва",135,"МЦД-3",EA5B04,135.872,"Кратово",55.591667,38.16,36
1,"Москва",135,"МЦД-3",EA5B04,135.873,"Есенинская",55.581944,38.184167,37
1,"Москва",135,"МЦД-3",EA5B04,135.874,"Фабричная",55.572778,1.873333,38
1,"Москва",135,"МЦД-3",EA5B04,135.875,"Раменское",55.565278,55.565278,39
1,"Москва",135,"МЦД-3",EA5B04,135.876,"Ипподром",55.560278,38.238889,40
1,"Москва",136,"МЦД-4",00CC66,136.877,"Железнодорожная",55.7525,38.008889,0
1,"Москва",136,"МЦД-4",00CC66,136.878,"Ольгино",55.751667,37.978611,1
1,"Москва",136,"МЦД-4",00CC66,136.879,"Кучино",55.752222,37.954722,2
1,"Москва",136,"МЦД-4",00CC66,136.880,"Салтыковская",55.757778,37.923056,3
1,"Москва",136,"МЦД-4",00CC66,136.881,"Никольское",55.759722,37.897778,4
1,"Москва",136,"МЦД-4",00CC66,136.882,"Реутово",55.751389,37.855833,5
1,"Москва",136,"МЦД-4",00CC66,136.883,"Новогиреево",55.744444,37.818333,6
1,"Москва",136,"МЦД-4",00CC66,136.884,"Кусково",55.739722,37.795278,7
1,"Москва",136,"МЦД-4",00CC66,136.886,"Чухлинка",55.733889,55.733889,8
1,"Москва",136,"МЦД-4",00CC66,136.887,"Нижегородская",55.733333,37.729444,9
1,"Москва",136,"МЦД-4",00CC66,136.888,"Серп и Молот",55.748056,37.681944,10
1,"Москва",136,"МЦД-4",00CC66,136.889,"Курский вокзал",55.740833,37.660556,11
1,"Москва",136,"МЦД-4",00CC66,136.890,"Площадь трёх вокзалов",55.776667,37.651111,12
1,"Москва",136,"МЦД-4",00CC66,136.891,"Рижская",55.793889,37.638611,13
1,"Москва",136,"МЦД-4",00CC66,136.892,"Марьина Роща",55.800833,37.618889,14
1,"Москва",136,"МЦД-4",00CC66,136.893,"Савёловская",55.794444,37.590278,15
1,"Москва",136,"МЦД-4",00CC66,136.894,"Белорусский вокзал",55.776389,37.580278,16
1,"Москва",136,"МЦД-4",00CC66,136.895,"Беговая",55.770833,55.770833,17
1,"Москва",136,"МЦД-4",00CC66,136.896,"Ермакова Роща",55.765556,37.535278,18
1,"Москва",136,"МЦД-4",00CC66,136.897,"Тестовская",55.750833,37.530278,19
1,"Москва",136,"МЦД-4",00CC66,136.898,"Кутузовская",55.741944,37.533056,20
1,"Москва",136,"МЦД-4",00CC66,136.899,"Поклонная",55.728333,37.511667,21
1,"Москва",136,"МЦД-4",00CC66,136.900,"Минская",55.723333,37.533056,22
1,"Москва",136,"МЦД-4",00CC66,136.901,"Матвеевское",55.704722,37.482222,23
1,"Москва",136,"МЦД-4",00CC66,136.902,"Аминьевская",55.699444,37.468056,24
1,"Москва",136,"МЦД-4",00CC66,136.903,"Очаково I",55.683611,37.451389,25
1,"Москва",136,"МЦД-4",00CC66,136.904,"Мещерская",55.666667,37.424444,26
1,"Москва",136,"МЦД-4",00CC66,136.905,"Солнечная",55.656944,37.383611,27
1,"Москва",136,"МЦД-4",00CC66,136.906,"Новопеределкино",55.639167,37.381111,28
1,"Москва",136,"МЦД-4",00CC66,136.907,"Переделкино",55.656111,37.353889,29
1,"Москва",136,"МЦД-4",00CC66,136.908,"Мичуринец",55.646111,37.315,30
1,"Москва",136,"МЦД-4",00CC66,136.909,"Внуково",55.648889,37.269722,31
1,"Москва",136,"МЦД-4",00CC66,136.910,"Лесной Городок",55.630278,37.219167,32
1,"Москва",136,"МЦД-4",00CC66,136.911,"Толстопальцево",55.607778,37.186389,33
1,"Москва",136,"МЦД-4",00CC66,136.912,"Кокошкино",55.599722,37.171389,34
1,"Москва",136,"МЦД-4",00CC66,136.913,"Санино",55.583889,37.138333,35
1,"Москва",136,"МЦД-4",00CC66,136.914,"Крёкшино",55.577778,37.109722,36
1,"Москва",136,"МЦД-4",00CC66,136.915,"Победа",55.566111,37.093056,37
1,"Москва",136,"МЦД-4",00CC66,136.916,"Апрелевка",55.550278,37.0675,38
2,"Санкт-Петербург",14,"Кировско-Выборгская",D6083B,14.190,"Девяткино",60.050182,30.443045,0
2,"Санкт-Петербург",14,"Кировско-Выборгская",D6083B,14.191,"Гражданский проспект",60.034969,30.418224,1
2,"Санкт-Петербург",14,"Кировско-Выборгская",D6083B,14.192,"Академическая",60.012806,30.396044,2
2,"Санкт-Петербург",14,"Кировско-Выборгская",D6083B,14.193,"Политехническая",60.008942,30.370907,3
2,"Санкт-Петербург",14,"Кировско-Выборгская",D6083B,14.194,"Площадь Мужества",59.999828,30.366159,4
2,"Санкт-Петербург",14,"Кировско-Выборгская",D6083B,14.195,"Лесная",59.984947,30.344259,5
2,"Санкт-Петербург",14,"Кировско-Выборгская",D6083B,14.196,"Выборгская",59.970925,30.347408,6
2,"Санкт-Петербург",14,"Кировско-Выборгская",D6083B,14.197,"Площадь Ленина",59.955611,30.35605,7
2,"Санкт-Петербург",14,"Кировско-Выборгская",D6083B,14.198,"Чернышевская",59.94453,30.359919,8
2,"Санкт-Петербург",14,"Кировско-Выборгская",D6083B,14.199,"Площадь Восстания",59.930279,30.361069,9
2,"Санкт-Петербург",14,"Кировско-Выборгская",D6083B,14.200,"Владимирская",59.927628,30.347898,10
2,"Санкт-Петербург",14,"Кировско-Выборгская",D6083B,14.201,"Пушкинская",59.92065,30.329599,11
2,"Санкт-Петербург",14,"Кировско-Выборгская",D6083B,14.202,"Технологический институт 1",59.916512,30.318485,12
2,"Санкт-Петербург",14,"Кировско-Выборгская",D6083B,14.203,"Балтийская",59.907211,30.299578,13
2,"Санкт-Петербург",14,"Кировско-Выборгская",D6083B,14.204,"Нарвская",59.901218,30.274908,14
2,"Санкт-Петербург",14,"Кировско-Выборгская",D6083B,14.205,"Кировский завод",59.879688,30.261921,15
2,"Санкт-Петербург",14,"Кировско-Выборгская",D6083B,14.206,"Автово",59.867325,30.261337,16
2,"Санкт-Петербург",14,"Кировско-Выборгская",D6083B,14.207,"Ленинский проспект",59.85117,30.268274,17
2,"Санкт-Петербург",14,"Кировско-Выборгская",D6083B,14.208,"Проспект Ветеранов",59.84211,30.250588,18
2,"Санкт-Петербург",15,"Московско-Петроградская",0078C9,15.209,"Парнас",60.06699,30.333839,0
2,"Санкт-Петербург",15,"Московско-Петроградская",0078C9,15.210,"Проспект Просвещения",60.051456,30.332544,1
2,"Санкт-Петербург",15,"Московско-Петроградская",0078C9,15.211,"Озерки",60.037098,30.321495,2
2,"Санкт-Петербург",15,"Московско-Петроградская",0078C9,15.212,"Удельная",60.016697,30.315607,3
2,"Санкт-Петербург",15,"Московско-Петроградская",0078C9,15.213,"Пионерская",60.002487,30.296759,4
2,"Санкт-Петербург",15,"Московско-Петроградская",0078C9,15.214,"Чёрная речка",59.985455,30.300833,5
2,"Санкт-Петербург",15,"Московско-Петроградская",0078C9,15.215,"Петроградская",59.966389,30.311293,6
2,"Санкт-Петербург",15,"Московско-Петроградская",0078C9,15.216,"Горьковская",59.956112,30.31889,7
2,"Санкт-Петербург",15,"Московско-Петроградская",0078C9,15.217,"Невский проспект",59.935421,30.327052,8
2,"Санкт-Петербург",15,"Московско-Петроградская",0078C9,15.218,"Сенная площадь",59.927135,30.320316,9
2,"Санкт-Петербург",15,"Московско-Петроградская",0078C9,15.219,"Технологический институт 2",59.916512,30.318485,10
2,"Санкт-Петербург",15,"Московско-Петроградская",0078C9,15.220,"Фрунзенская",59.906273,30.31745,11
2,"Санкт-Петербург",15,"Московско-Петроградская",0078C9,15.221,"Московские ворота",59.891788,30.317873,12
2,"Санкт-Петербург",15,"Московско-Петроградская",0078C9,15.222,"Электросила",59.879189,30.318659,13
2,"Санкт-Петербург",15,"Московско-Петроградская",0078C9,15.223,"Парк Победы",59.866344,30.321802,14
2,"Санкт-Петербург",15,"Московско-Петроградская",0078C9,15.224,"Московская",59.848873,30.321483,15
2,"Санкт-Петербург",15,"Московско-Петроградская",0078C9,15.225,"Звёздная",59.833241,30.349428,16
2,"Санкт-Петербург",15,"Московско-Петроградская",0078C9,15.226,"Купчино",59.829781,30.375702,17
2,"Санкт-Петербург",16,"Невско-Василеостровская",009A49,16.604,"Беговая",59.98723,30.20247,0
2,"Санкт-Петербург",16,"Невско-Василеостровская",009A49,16.227,"Приморская",59.948521,30.23447,2
2,"Санкт-Петербург",16,"Невско-Василеостровская",009A49,16.228,"Василеостровская",59.942577,30.278254,3
2,"Санкт-Петербург",16,"Невско-Василеостровская",009A49,16.229,"Гостиный двор",59.933933,30.33341,4
2,"Санкт-Петербург",16,"Невско-Василеостровская",009A49,16.230,"Маяковская",59.931366,30.354645,5
2,"Санкт-Петербург",16,"Невско-Василеостровская",009A49,16.231,"Площадь Александра Невского 1",59.924369,30.384989,6
2,"Санкт-Петербург",16,"Невско-Василеостровская",009A49,16.232,"Елизаровская",59.89669,30.423656,7
2,"Санкт-Петербург",16,"Невско-Василеостровская",009A49,16.233,"Ломоносовская",59.877342,30.441715,8
2,"Санкт-Петербург",16,"Невско-Василеостровская",009A49,16.234,"Пролетарская",59.865,30.47,9
2,"Санкт-Петербург",16,"Невско-Василеостровская",009A49,16.235,"Обухово",59.848709,30.457743,10
2,"Санкт-Петербург",16,"Невско-Василеостровская",009A49,16.236,"Рыбацкое",59.830986,30.501259,11
2,"Санкт-Петербург",16,"Невско-Василеостровская",009A49,16.808,"Зенит",59.972222,30.211667,12
2,"Санкт-Петербург",17,"Правобережная",EA7125,17.237,"Спасская",59.927135,30.320316,0
2,"Санкт-Петербург",17,"Правобережная",EA7125,17.238,"Достоевская",59.928234,30.346029,1
2,"Санкт-Петербург",17,"Правобережная",EA7125,17.239,"Лиговский проспект",59.920811,30.355055,2
2,"Санкт-Петербург",17,"Правобережная",EA7125,17.240,"Площадь Александра Невского 2",59.923563,30.383421,3
2,"Санкт-Петербург",17,"Правобережная",EA7125,17.241,"Новочеркасская",59.929092,30.411915,4
2,"Санкт-Петербург",17,"Правобережная",EA7125,17.242,"Ладожская",59.93243,30.439274,5
2,"Санкт-Петербург",17,"Правобережная",EA7125,17.243,"Проспект Большевиков",59.919838,30.466757,6
2,"Санкт-Петербург",17,"Правобережная",EA7125,17.244,"Улица Дыбенко",59.907417,30.483311,7
2,"Санкт-Петербург",18,"Фрунзенско-Приморская",702785,18.245,"Комендантский проспект",60.008591,30.258663,0
2,"Санкт-Петербург",18,"Фрунзенско-Приморская",702785,18.246,"Старая Деревня",59.989433,30.255163,1
2,"Санкт-Петербург",18,"Фрунзенско-Приморская",702785,18.247,"Крестовский остров",59.971821,30.259436,2
2,"Санкт-Петербург",18,"Фрунзенско-Приморская",702785,18.248,"Чкаловская",59.961033,30.292006,3
2,"Санкт-Петербург",18,"Фрунзенско-Приморская",702785,18.249,"Спортивная",59.952026,30.291338,4
2,"Санкт-Петербург",18,"Фрунзенско-Приморская",702785,18.258,"Адмиралтейская",59.935867,30.31523,5
2,"Санкт-Петербург",18,"Фрунзенско-Приморская",702785,18.250,"Садовая",59.926739,30.317753,6
2,"Санкт-Петербург",18,"Фрунзенско-Приморская",702785,18.251,"Звенигородская",59.92065,30.329599,7
2,"Санкт-Петербург",18,"Фрунзенско-Приморская",702785,18.252,"Обводный Канал",59.914686,30.34815,8
2,"Санкт-Петербург",18,"Фрунзенско-Приморская",702785,18.253,"Волковская",59.896023,30.35754,9
2,"Санкт-Петербург",18,"Фрунзенско-Приморская",702785,18.259,"Бухарестская",59.883769,30.368932,10
2,"Санкт-Петербург",18,"Фрунзенско-Приморская",702785,18.260,"Международная",59.870203,30.379289,11
2,"Санкт-Петербург",18,"Фрунзенско-Приморская",702785,18.682,"Дунайская",59.839889,30.410667,12
2,"Санкт-Петербург",18,"Фрунзенско-Приморская",702785,18.683,"Проспект Славы",59.856704,30.395402,13
2,"Санкт-Петербург",18,"Фрунзенско-Приморская",702785,18.684,"Шушары",59.819973,30.432718,14
3,"Екатеринбург",48,"Север-Юг",0A6F20,48.261,"Проспект Космонавтов",56.900393,60.613878,0
3,"Екатеринбург",48,"Север-Юг",0A6F20,48.262,"Уралмаш",56.887674,60.614165,1
3,"Екатеринбург",48,"Север-Юг",0A6F20,48.263,"Машиностроителей",56.878517,60.61218,2
3,"Екатеринбург",48,"Север-Юг",0A6F20,48.264,"Уральская",56.858056,60.600816,3
3,"Екатеринбург",48,"Север-Юг",0A6F20,48.265,"Динамо",56.847818,60.599406,4
3,"Екатеринбург",48,"Север-Юг",0A6F20,48.266,"Площадь 1905 года",56.837982,60.59734,5
3,"Екатеринбург",48,"Север-Юг",0A6F20,48.267,"Геологическая",56.826715,60.603754,6
3,"Екатеринбург",48,"Север-Юг",0A6F20,48.269,"Чкаловская",56.808502,60.610698,8
3,"Екатеринбург",48,"Север-Юг",0A6F20,48.270,"Ботаническая",56.797487,60.633362,9
88,"Казань",49,"Центральная",CD0505,49.462,"Авиастроительная ",55.828897,49.081403,0
88,"Казань",49,"Центральная",CD0505,49.461,"Северный вокзал",55.841519,49.081778,1
88,"Казань",49,"Центральная",CD0505,49.460,"Яшьлек (Юность)",55.827843,49.082905,2
88,"Казань",49,"Центральная",CD0505,49.271,"Козья слобода",55.817608,49.097646,3
88,"Казань",49,"Центральная",CD0505,49.272,"Кремлевская",55.795206,49.105426,4
88,"Казань",49,"Центральная",CD0505,49.273,"Площадь Тукая",55.787163,49.122126,5
88,"Казань",49,"Центральная",CD0505,49.274,"Суконная слобода",55.777094,49.142275,6
88,"Казань",49,"Центральная",CD0505,49.275,"Аметьево",55.765346,49.165083,7
88,"Казань",49,"Центральная",CD0505,49.276,"Горки",55.760763,49.189679,8
88,"Казань",49,"Центральная",CD0505,49.277,"Проспект Победы",55.750109,49.207735,9
88,"Казань",49,"Центральная",CD0505,49.640,"Дубравная",55.7425,49.2197,10
66,"Нижний Новгород",50,"Автозаводская",D80707,50.278,"Горьковская",56.313933,43.99482,0
66,"Нижний Новгород",50,"Автозаводская",D80707,50.279,"Московская",56.321097,43.945799,1
66,"Нижний Новгород",50,"Автозаводская",D80707,50.280,"Чкаловская",56.310637,43.936933,2
66,"Нижний Новгород",50,"Автозаводская",D80707,50.281,"Ленинская",56.297798,43.937328,3
66,"Нижний Новгород",50,"Автозаводская",D80707,50.282,"Заречная",56.285144,43.927528,4
66,"Нижний Новгород",50,"Автозаводская",D80707,50.283,"Двигатель Революции",56.277093,43.922012,5
66,"Нижний Новгород",50,"Автозаводская",D80707,50.284,"Пролетарская",56.266922,43.914143,6
66,"Нижний Новгород",50,"Автозаводская",D80707,50.285,"Автозаводская",56.257243,43.902357,7
66,"Нижний Новгород",50,"Автозаводская",D80707,50.286,"Комсомольская",56.252662,43.889888,8
66,"Нижний Новгород",50,"Автозаводская",D80707,50.287,"Кировская",56.247426,43.876719,9
66,"Нижний Новгород",50,"Автозаводская",D80707,50.288,"Парк Культуры",56.242034,43.85816,10
66,"Нижний Новгород",51,"Сормовская",0071BC,51.606,"Стрелка",56.3343,43.9597,0
66,"Нижний Новгород",51,"Сормовская",0071BC,51.289,"Московская",56.321097,43.945799,1
66,"Нижний Новгород",51,"Сормовская",0071BC,51.290,"Канавинская",56.320273,43.927438,2
66,"Нижний Новгород",51,"Сормовская",0071BC,51.291,"Бурнаковская",56.325704,43.911897,3
66,"Нижний Новгород",51,"Сормовская",0071BC,51.292,"Буревестник",56.333834,43.892799,4
4,"Новосибирск",52,"Ленинская",CD0505,52.294,"Заельцовская",55.059291,82.912569,0
4,"Новосибирск",52,"Ленинская",CD0505,52.295,"Гагаринская",55.051071,82.91477,1
4,"Новосибирск",52,"Ленинская",CD0505,52.296,"Красный проспект",55.040998,82.917447,2
4,"Новосибирск",52,"Ленинская",CD0505,52.297,"Площадь Ленина",55.029941,82.92069,3
4,"Новосибирск",52,"Ленинская",CD0505,52.298,"Октябрьская",55.018789,82.939007,4
4,"Новосибирск",52,"Ленинская",CD0505,52.299,"Речной вокзал",55.008738,82.93827,5
4,"Новосибирск",52,"Ленинская",CD0505,52.300,"Студенческая",54.989089,82.906631,6
4,"Новосибирск",52,"Ленинская",CD0505,52.301,"Площадь Маркса",54.982931,82.89313,7
4,"Новосибирск",53,"Дзержинская",0A6F20,53.302,"Площадь Гарина-Михайловского",55.035947,82.897783,0
4,"Новосибирск",53,"Дзержинская",0A6F20,53.303,"Сибирская",55.042163,82.919172,1
4,"Новосибирск",53,"Дзержинская",0A6F20,53.304,"Маршала Покрышкина",55.043634,82.935566,2
4,"Новосибирск",53,"Дзержинская",0A6F20,53.305,"Березовая роща",55.043242,82.952913,3
4,"Новосибирск",53,"Дзержинская",0A6F20,53.306,"Золотая нива",55.037928,82.976044,4
78,"Самара",54,"Первая",CD0505,54.509,"Алабинская",53.209689,50.134417,0
78,"Самара",54,"Первая",CD0505,54.307,"Российская",53.211385,50.15022,1
78,"Самара",54,"Первая",CD0505,54.308,"Московская",53.203791,50.159832,2
78,"Самара",54,"Первая",CD0505,54.309,"Гагаринская",53.200442,50.176595,3
78,"Самара",54,"Первая",CD0505,54.310,"Спортивная",53.201121,50.199286,4
78,"Самара",54,"Первая",CD0505,54.311,"Советская",53.201736,50.220657,5
78,"Самара",54,"Первая",CD0505,54.312,"Победа",53.207313,50.236414,6
78,"Самара",54,"Первая",CD0505,54.313,"Безымянка",53.212997,50.248891,7
78,"Самара",54,"Первая",CD0505,54.314,"Кировская",53.211352,50.269777,8
78,"Самара",54,"Первая",CD0505,54.315,"Юнгородок",53.212701,50.282982,9
115,"Киев",55,"Святошинско-Броварская",CD0505,55.316,"Академгородок",50.464784,30.355511,0
115,"Киев",55,"Святошинско-Броварская",CD0505,55.317,"Житомирская",50.455884,30.36479,1
115,"Киев",55,"Святошинско-Броварская",CD0505,55.318,"Святошин",50.457685,30.391776,2
115,"Киев",55,"Святошинско-Броварская",CD0505,55.319,"Нивки",50.458602,30.405682,3
115,"Киев",55,"Святошинско-Броварская",CD0505,55.320,"Берестейская",50.458562,30.420522,4
115,"Киев",55,"Святошинско-Броварская",CD0505,55.321,"Шулявская",50.454622,30.445208,5
115,"Киев",55,"Святошинско-Броварская",CD0505,55.322,"Политехнический институт",50.450814,30.466327,6
115,"Киев",55,"Святошинско-Броварская",CD0505,55.323,"Вокзальная",50.44178,30.488273,7
115,"Киев",55,"Святошинско-Броварская",CD0505,55.324,"Университет",50.444401,30.506006,8
115,"Киев",55,"Святошинско-Броварская",CD0505,55.325,"Театральная",50.445135,30.518178,9
115,"Киев",55,"Святошинско-Броварская",CD0505,55.326,"Крещатик",50.447218,30.524933,10
115,"Киев",55,"Святошинско-Броварская",CD0505,55.327,"Арсенальная",50.444332,30.545379,11
115,"Киев",55,"Святошинско-Броварская",CD0505,55.328,"Днепр",50.441217,30.559374,12
115,"Киев",55,"Святошинско-Броварская",CD0505,55.329,"Гидропарк",50.445956,30.57699,13
115,"Киев",55,"Святошинско-Броварская",CD0505,55.330,"Левобережная",50.4518,30.59811,14
115,"Киев",55,"Святошинско-Броварская",CD0505,55.331,"Дарница",50.455924,30.612905,15
115,"Киев",55,"Святошинско-Броварская",CD0505,55.332,"Черниговская",50.459852,30.630269,16
115,"Киев",55,"Святошинско-Броварская",CD0505,55.333,"Лесная",50.464629,30.645541,17
115,"Киев",56,"Куреневско-Красноармейская",069CD3,56.334,"Героев Днепра",50.52258,30.498891,0
115,"Киев",56,"Куреневско-Красноармейская",069CD3,56.335,"Минская",50.512196,30.498541,1
115,"Киев",56,"Куреневско-Красноармейская",069CD3,56.336,"Оболонь",50.501466,30.498253,2
115,"Киев",56,"Куреневско-Красноармейская",069CD3,56.337,"Петровка",50.486074,30.497885,3
115,"Киев",56,"Куреневско-Красноармейская",069CD3,56.338,"Тараса Шевченко",50.473286,30.505134,4
115,"Киев",56,"Куреневско-Красноармейская",069CD3,56.339,"Контрактовая площадь",50.465604,30.514836,5
115,"Киев",56,"Куреневско-Красноармейская",069CD3,56.340,"Почтовая площадь",50.458935,30.524933,6
115,"Киев",56,"Куреневско-Красноармейская",069CD3,56.341,"Майдан Независимости",50.450028,30.524196,7
115,"Киев",56,"Куреневско-Красноармейская",069CD3,56.342,"Площадь Льва Толстого",50.439221,30.516327,8
115,"Киев",56,"Куреневско-Красноармейская",069CD3,56.343,"Олимпийская",50.432244,30.51621,9
115,"Киев",56,"Куреневско-Красноармейская",069CD3,56.344,"Дворец ""Украина""",50.420641,30.520738,10
115,"Киев",56,"Куреневско-Красноармейская",069CD3,56.345,"Лыбедская",50.412714,30.524879,11
115,"Киев",56,"Куреневско-Красноармейская",069CD3,56.346,"Демиевская",50.404563,30.516615,12
115,"Киев",56,"Куреневско-Красноармейская",069CD3,56.347,"Голосеевская",50.397879,30.510066,13
115,"Киев",56,"Куреневско-Красноармейская",069CD3,56.348,"Васильковская",50.392815,30.485551,14
115,"Киев",56,"Куреневско-Красноармейская",069CD3,56.349,"Выставочный центр",50.382092,30.477134,15
115,"Киев",56,"Куреневско-Красноармейская",069CD3,56.350,"Ипподром",50.376526,30.468923,16
115,"Киев",56,"Куреневско-Красноармейская",069CD3,56.506,"Теремки",50.367044,30.454203,17
115,"Киев",57,"Сырецко-Печерская",0A6F20,57.351,"Сырец",50.476221,30.430736,0
115,"Киев",57,"Сырецко-Печерская",0A6F20,57.352,"Дорогожичи",50.473452,30.448406,1
115,"Киев",57,"Сырецко-Печерская",0A6F20,57.353,"Лукьяновская",50.462249,30.482101,2
115,"Киев",57,"Сырецко-Печерская",0A6F20,57.354,"Золотые ворота",50.448342,30.513668,3
115,"Киев",57,"Сырецко-Печерская",0A6F20,57.355,"Дворец спорта",50.437838,30.520684,4
115,"Киев",57,"Сырецко-Печерская",0A6F20,57.356,"Кловская",50.436731,30.531922,5
115,"Киев",57,"Сырецко-Печерская",0A6F20,57.357,"Печерская",50.427315,30.538776,6
115,"Киев",57,"Сырецко-Печерская",0A6F20,57.358,"Дружбы народов",50.418001,30.544462,7
115,"Киев",57,"Сырецко-Печерская",0A6F20,57.359,"Выдубичи",50.401428,30.560686,8
115,"Киев",57,"Сырецко-Печерская",0A6F20,57.360,"Славутич",50.394164,30.604452,9
115,"Киев",57,"Сырецко-Печерская",0A6F20,57.361,"Осокорки",50.395537,30.616148,10
115,"Киев",57,"Сырецко-Печерская",0A6F20,57.362,"Позняки",50.398344,30.63433,11
115,"Киев",57,"Сырецко-Печерская",0A6F20,57.363,"Харьковская",50.401072,30.652,12
115,"Киев",57,"Сырецко-Печерская",0A6F20,57.364,"Вырлица",50.403185,30.665969,13
115,"Киев",57,"Сырецко-Печерская",0A6F20,57.365,"Бориспольская",50.403403,30.682974,14
115,"Киев",57,"Сырецко-Печерская",0A6F20,57.366,"Красный хутор",50.409505,30.695918,15
117,"Днепр (Днепропетровск)",58,"Центрально-Заводская",BD1018,58.367,"Вокзальная",48.475457,35.015926,0
117,"Днепр (Днепропетровск)",58,"Центрально-Заводская",BD1018,58.368,"Метростроителей",48.475218,34.995731,1
117,"Днепр (Днепропетровск)",58,"Центрально-Заводская",BD1018,58.369,"Металлургов",48.476634,34.979517,2
117,"Днепр (Днепропетровск)",58,"Центрально-Заводская",BD1018,58.370,"Заводская",48.475821,34.959422,3
117,"Днепр (Днепропетровск)",58,"Центрально-Заводская",BD1018,58.371,"Проспект свободы",48.479871,34.943027,4
117,"Днепр (Днепропетровск)",58,"Центрально-Заводская",BD1018,58.372,"Коммунаровская",48.479298,34.92657,5
135,"Харьков",59,"Холодногорско-Заводская",CD0505,59.373,"Холодная гора",49.982512,36.181804,0
135,"Харьков",59,"Холодногорско-Заводская",CD0505,59.374,"Южный вокзал",49.989613,36.205178,1
135,"Харьков",59,"Холодногорско-Заводская",CD0505,59.375,"Центральный рынок",49.99277,36.219731,2
135,"Харьков",59,"Холодногорско-Заводская",CD0505,59.376,"Советская",49.991084,36.232568,3
135,"Харьков",59,"Холодногорско-Заводская",CD0505,59.377,"Проспект Гагарина",49.980838,36.243402,4
135,"Харьков",59,"Холодногорско-Заводская",CD0505,59.378,"Спортивная",49.979494,36.260532,5
135,"Харьков",59,"Холодногорско-Заводская",CD0505,59.379,"Завод имени Малышева",49.975966,36.280996,6
135,"Харьков",59,"Холодногорско-Заводская",CD0505,59.380,"Московский проспект",49.972259,36.301666,7
135,"Харьков",59,"Холодногорско-Заводская",CD0505,59.381,"Маршала Жукова",49.966262,36.321187,8
135,"Харьков",59,"Холодногорско-Заводская",CD0505,59.382,"Советской армии",49.961852,36.342926,9
135,"Харьков",59,"Холодногорско-Заводская",CD0505,59.383,"Имени А. С. Масельского",49.958526,36.359787,10
135,"Харьков",59,"Холодногорско-Заводская",CD0505,59.384,"Тракторный завод",49.952614,36.37876,11
135,"Харьков",59,"Холодногорско-Заводская",CD0505,59.385,"Пролетарская",49.946562,36.399062,12
135,"Харьков",60,"Салтовская линия",069CD3,60.386,"Героев труда",50.025398,36.336287,0
135,"Харьков",60,"Салтовская линия",069CD3,60.387,"Студенческая",50.017683,36.329972,1
135,"Харьков",60,"Салтовская линия",069CD3,60.388,"Академика Павлова",50.008965,36.317755,2
135,"Харьков",60,"Салтовская линия",069CD3,60.389,"Академика Барабашова",50.002313,36.304092,3
135,"Харьков",60,"Салтовская линия",069CD3,60.390,"Киевская",50.001213,36.270279,4
135,"Харьков",60,"Салтовская линия",069CD3,60.391,"Пушкинская",50.003685,36.247489,5
135,"Харьков",60,"Салтовская линия",069CD3,60.392,"Университет",50.004501,36.233781,6
135,"Харьков",60,"Салтовская линия",069CD3,60.393,"Исторический музей",49.992926,36.231211,7
135,"Харьков",61,"Алексеевская",0A6F20,61.394,"Алексеевская",50.0496,36.20666,0
135,"Харьков",61,"Алексеевская",0A6F20,61.395,"23 Августа",50.035524,36.220279,1
135,"Харьков",61,"Алексеевская",0A6F20,61.396,"Ботанический сад",50.026659,36.222938,2
135,"Харьков",61,"Алексеевская",0A6F20,61.397,"Научная",50.013,36.226962,3
135,"Харьков",61,"Алексеевская",0A6F20,61.398,"Госпром",50.004797,36.231571,4
135,"Харьков",61,"Алексеевская",0A6F20,61.399,"Архитектора Бекетова",49.998966,36.240518,5
135,"Харьков",61,"Алексеевская",0A6F20,61.400,"Площадь Восстания",49.988652,36.264808,6
135,"Харьков",61,"Алексеевская",0A6F20,61.401,"Метростроителей имени Ващенко",49.978915,36.262823,7
1002,"Минск",62,"Московская",0521C3,62.402,"Уручье",53.945348,27.68782,0
1002,"Минск",62,"Московская",0521C3,62.403,"Борисовский тракт",53.938506,27.665865,1
1002,"Минск",62,"Московская",0521C3,62.404,"Восток",53.934509,27.651483,2
1002,"Минск",62,"Московская",0521C3,62.405,"Московская",53.927978,27.627812,3
1002,"Минск",62,"Московская",0521C3,62.406,"Парк Челюскинцев",53.924214,27.613646,4
1002,"Минск",62,"Московская",0521C3,62.407,"Академия наук",53.92187,27.599066,5
1002,"Минск",62,"Московская",0521C3,62.408,"Площадь Якуба Коласа",53.915369,27.583265,6
1002,"Минск",62,"Московская",0521C3,62.409,"Площадь Победы",53.908644,27.575054,7
1002,"Минск",62,"Московская",0521C3,62.410,"Октябрьская",53.901562,27.561068,8
1002,"Минск",62,"Московская",0521C3,62.411,"Площадь Ленина",53.893875,27.548015,9
1002,"Минск",62,"Московская",0521C3,62.412,"Институт Культуры",53.885899,27.538852,10
1002,"Минск",62,"Московская",0521C3,62.413,"Грушевка",53.88669,27.514786,11
1002,"Минск",62,"Московская",0521C3,62.414,"Михалово",53.876664,27.49691,12
1002,"Минск",62,"Московская",0521C3,62.415,"Петровщина",53.86458,27.485807,13
1002,"Минск",62,"Московская",0521C3,62.472,"Малиновка",53.849722,27.474722,14
1002,"Минск",63,"Автозаводская",BF0808,63.416,"Каменная Горка",53.90683,27.437558,0
1002,"Минск",63,"Автозаводская",BF0808,63.417,"Кунцевщина",53.906236,27.453916,1
1002,"Минск",63,"Автозаводская",BF0808,63.418,"Спортивная",53.908501,27.48083,2
1002,"Минск",63,"Автозаводская",BF0808,63.419,"Пушкинская",53.909519,27.495499,3
1002,"Минск",63,"Автозаводская",BF0808,63.420,"Молодежная",53.906527,27.521308,4
1002,"Минск",63,"Автозаводская",BF0808,63.421,"Фрунзенская",53.905286,27.539328,5
1002,"Минск",63,"Автозаводская",BF0808,63.422,"Немига",53.905615,27.55415,6
1002,"Минск",63,"Автозаводская",BF0808,63.423,"Купаловская",53.901408,27.561247,7
1002,"Минск",63,"Автозаводская",BF0808,63.424,"Первомайская",53.893763,27.570167,8
1002,"Минск",63,"Автозаводская",BF0808,63.425,"Пролетарская",53.88972,27.585466,9
1002,"Минск",63,"Автозаводская",BF0808,63.426,"Тракторный завод",53.890033,27.614374,10
1002,"Минск",63,"Автозаводская",BF0808,63.427,"Партизанская",53.87582,27.628998,11
1002,"Минск",63,"Автозаводская",BF0808,63.428,"Автозаводская",53.868945,27.648788,12
1002,"Минск",63,"Автозаводская",BF0808,63.429,"Могилевская",53.861862,27.674381,13
1002,"Минск",134,"Зеленолужская",009A49,134.796,"Вокзальная",53.889722,27.546944,0
1002,"Минск",134,"Зеленолужская",009A49,134.797,"Юбилейная площадь",53.904406,27.539975,1
1002,"Минск",134,"Зеленолужская",009A49,134.798,"Площадь Франтишка Богушевича",53.896667,27.538333,2
1002,"Минск",134,"Зеленолужская",009A49,134.799,"Ковальская Слобода",53.874167,27.549444,3
160,"Алматы",64,"Первая",CD0505,64.430,"Райымбек батыра",43.271201,76.9448,0
160,"Алматы",64,"Первая",CD0505,64.431,"Жибек Жолы",43.260199,76.946103,1
160,"Алматы",64,"Первая",CD0505,64.432,"Алмалы",43.251295,76.945456,2
160,"Алматы",64,"Первая",CD0505,64.433,"Абая",43.242548,76.949588,3
160,"Алматы",64,"Первая",CD0505,64.434,"Байконур",43.240401,76.927696,4
160,"Алматы",64,"Первая",CD0505,64.435,"Театр имени Ауэзова",43.240362,76.917519,5
160,"Алматы",64,"Первая",CD0505,64.436,"Алатау",43.239041,76.897612,6
160,"Алматы",64,"Первая",CD0505,64.510,"Сайран",43.2362,76.8764,7
160,"Алматы",64,"Первая",CD0505,64.511,"Москва",43.23,76.867,8
160,"Алматы",64,"Первая",CD0505,64.819,"Сары-Арка",43.22,76.851111,9
160,"Алматы",64,"Первая",CD0505,64.820,"Бауыржан Момышулы",43.216389,76.838056,10
